ID_GPS,Country,Partyname,Region,Type_Values,Type_Partysize_vote,V4_Scale,V6_Scale,V8_Scale,V10,V11,V12,V13,V14,V15,V16,V17,Elec_year,PartyPerVote,WVS_LR_MedianVoter,OECD,polity2,FH_Regime,GDP,Longevity
1,Afghanistan,Islamic Society,6,4,-99,7,8
2,Afghanistan,Islamic Unity Party of Afghanistan,6,4,-99,5,8
3,Afghanistan,National Islamic Movement of Afghanistan,6,2,-99,4,8
4,Afghanistan,People's Islamic Unity Party of Afghanistan,6,4,-99,5,8,8
5,Afghanistan,Republican Party of Afghanistan,6,2,-99,4,8
6,Angola,Broad Convergence for the Salvation of Angola – Electoral Coalition,4,4,2,5
7,Angola,National Front for the Liberation of Angola,4,4,1,7,8
8,Angola,National Union for the Total Independence of Angola,4,4,3,5
9,Angola,People's Movement for the Liberation of Angola,4,2,3,3
10,Angola,Social Renewal Party,4,4,1,5
11,Albania,Democratic Party of Albania,1,4,3,5
12,Albania,Libra Party,1,1,1,2
13,Albania,Party for Justice
14,Albania,Social Democratic Party of Albania,1,1,1,4
15,Albania,Socialist Movement for Integration,1,3,3,5
16,Albania,Socialist Party of Albania,1,3,3,6
17,Argentina,Cambiemos,2,4,3,8,5
18,Argentina,Citizen's Unity,2,1,3,3
19,Argentina,Civic Front for Santiago,2,4,1,10,8
20,Argentina,Evolución,2,3,1,6
21,Argentina,Front for the Renewal of Concord,2,4,1,10,8
22,Argentina,Justicialist Party,2,4,3,6
23,Argentina,Progressive
24,Argentina,Union for Córdoba ,2,4,1,8
25,Argentina,United for a New Alternative,2,4,2,7
26,Argentina,Workers' Left Front,2,1,2,0
27,Armenia,Bright Armenia,1,3,1,7,4
28,Armenia,My Step Alliance,1,3,1,5
29,Armenia,Prosperous Armenia,1,4,1,6
30,Australia,Australia Greens,5,1,3,1
31,Australia,Australian Labor Party,5,1,3,3
32,Australia,Independent,5,1,1,2,3
33,Australia,Katters Australia Party,5,4,1,5,8
34,Australia,Liberal National Party,5,4,2,7
35,Australia,Liberal Party of Australia,5,4,3,7
36,Australia,National Party of Australia,5,4,2,7
37,Australia,Nick Xenophon,5,1,1,3
38,Austria,Austrian People's Party,5,4,3,7
39,Austria,Freedom Party of Austria,5,4,3,7
40,Austria,NEOS – The New Austria ,5,3,2,8
41,Austria,Peter Pilz List ,5,1,2,2
42,Austria,Social Democratic Party of Austria,5,1,3,3
43,Austria,The Greens – The Green Alternative,5,1,2,2
44,Azerbaijan,Independents,1,0,1,-99,-99,10,-99,0,1,-99,0,0,10,10,2015,0
45,Azerbaijan,New Azerbaijan Party,1,0,1,0,-99,10,-99,0,1,-99,0,0,10,10,2015,0
46,Burundi,Front for Democracy in Burundi,4,4,3,7,6,5
47,Burundi,National Council for the Defense of Democracy,4,0,3,-99,7,-99,-99,10,-99,0,4,-99,10,10,2015,74
48,Burundi,Union for National Progress,4,2,2,1,8,2,9,6,2,2,3
49,Belgium,Christian Democrats and Flemish,5,4,3,8,7,2
50,Belgium,Flemish Interest,5,4,2,5
51,Belgium,Francophone Reformist Movement,5,3,2,7
52,Belgium,Green,5,1,2,3
53,Belgium,Humanist Democratic Centre,5,2,2,3
54,Belgium,New Flemish Alliance,5,4,3,8
55,Belgium,Open Flemish Liberals and Democrats,5,3,2,7
56,Belgium,Socialist Party,5,1,3,2
57,Belgium,Socialist Party Differently,5,1,2,3
58,Belgium,Worker's Party,5,1,2,0
59,Benin,Alliance nationale pour le developpement et la democratie,4,0,2,-99,3,4,-99,-99,-99,-99,7,-99,4,-99,2015,7
60,Benin,Alliance pour un Benin triomphant,4,3,1,8,4
61,Benin,Alliance Soleil,4,0,2,-99,3,-99,-99,4,-99,-99,7,-99,4,7,2015,6
62,Benin,Build the Nation Union,4,0,3,7,-99,-99,-99,-99,-99,-99,-99,-99,4,-99,2015,14
63,Benin,Cauri Forces for an Emerging Benin,4,0,3,7,-99,8,-99,7,-99,-99,7,-99,4,7,2015,30
64,Benin,Eclaireur,4,0,2,4,-99,7,-99,4,-99,-99,-99,-99,4,-99,2015,3
65,Benin,Forces democratiques unies,4,1,2,4,4,7,-99,4,-99,-99,-99,-99,4,-99,2015,4,-99,0,7,2,2151
66,Benin,Party of Democratic Renovation,4,0,3,-99,-99,4,-99,-99,-99,-99,-99,-99,4,-99,2015,14,-99,0,7,2,2151
67,Benin,Renaissance du Benin-Reveil Patriotique,4,0,2,-99,-99,4,-99,-99,-99,-99,-99,-99,4,-99,2015,7
68,Benin,Union for Benin,4,1,2,4,3,-99,-99,-99,-99,-99,-99,-99,-99,-99,2015,3
69,Burkina Faso,Alliance for Democracy,4,4,3,7
70,Burkina Faso,Congress for Democracy and Progress,4,2,3,3,8
71,Burkina Faso,Convention of the Democratic Forces,4,0,1,-99,8,2,-99,10,-99,-99,-99,-99,-99,7,2012,2
72,Burkina Faso,Organisation for Democracy and Labour,4,2,1,1,7
73,Burkina Faso,Party for Democracy and Socialism,4,2,2,1
74,Burkina Faso,The Other Burkina Faso,4,2,1,4
75,Burkina Faso,Union for Democracy and Development,4,4,1,7,8,1,-99,8
76,Burkina Faso,Union for Progress and Change,4,4,3,8,6
77,Burkina Faso,Union for Rebirth-Sankarist,4,1,2,2,4
78,Burkina Faso,Union for the Republic,4,4,2,7,8,2,-99,8
79,Bangladesh,Bangladesh Awami League,6,1,3,3
80,Bangladesh,Bangladesh Nationalist Party,6,4,-99,5
81,Bangladesh,Bangladesh Tarikat Federation,6,4,-99,7
82,Bangladesh,Jatiya Party,6,3,3,6
83,Bangladesh,Jatiya Party  (Manju),6,3,-99,7
84,Bangladesh,Jatiyo Samajtantrik Dal ,6,3,1,5
85,Bangladesh,Worker's Party of Bangladesh,6,3,1,5
86,Bulgaria,Bulgarian Socialist Party,1,2,3,2
87,Bulgaria,Citizens for European Development of Bulgaria,1,4,3,6,5
88,Bulgaria,Movement for Rights and Freedoms (DPS),1,1,2,4
89,Bulgaria,United Patriots,1,2,2,2
90,Bulgaria,Will,1,4,2,6
91,Bahrain,National Islamic Al-Menbar,3,2,-99,2
92,Bahrain,Independents,3,2,-99,3,5
93,Bahrain,Islamic Al Asalah,3,2,-99,2,9
94,Bahamas,Democratic National Alliance,-99,2,-99,3,8,6
95,Bahamas,Free National Movement,-99,2,3,4,7
96,Bahamas,Progressive Liberal Party,-99,2,3,3,9,6,8,2
97,Bosnia and Herzegovina,Alliance of Independent Social Democrats,1,2,3,4
98,Bosnia and Herzegovina,Democratic Front,1,1,2,2
99,Bosnia and Herzegovina,Democratic People's Alliance,1,2,2,4,7
100,Bosnia and Herzegovina,HDZ-HSS-HSP-HNS-HKDU-HSP-AS BiH-HDU BiH,1,4,2,5,8
101,Bosnia and Herzegovina,Our Party,1,1,1,2
102,Bosnia and Herzegovina,Party of Democratic Action,1,2,3,4,9
103,Bosnia and Herzegovina,Party of Democratic Progress,1,2,2,3
104,Bosnia and Herzegovina,SDS-NDP-NS-SRS,1,2,2,3
105,Bosnia and Herzegovina,Social Democratic Party of Bosnia and Herzegovina,1,1,2,2
106,Bosnia and Herzegovina,Union for a Better Future of BiH,1,4,2,5
107,Belarus,Belarusian Patriotic Party,1,2,-99,0
108,Belarus,Communist Party of Belarus,1,2,-99,0,10,9
109,Belarus,Liberal Democratic Party of Belarus,1,2,-99,1,9
110,Belarus,Non-partisans,1,2,-99,3,8,9,-99,5
111,Belarus,Republican Party of Labour and Justice,1,2,-99,0
112,Belarus,United Civil Party,1,3,-99,8
113,Belize,Others,-99,0,1,-99,8,9,9,10,6,6
114,Belize,People's United Party,-99,4,3,5,7
115,Belize,United Democratic Party,-99,4,3,7
116,Bolivia,Christian Democratic Party,2,4,2,7
117,Bolivia,Movement for Socialism,2,1,3,1
118,Bolivia,National Unity Front,2,4,3,7
119,Brazil,Brazilian Republican Party,2,4,-99,8
120,Brazil,Brazilian Socialist Party,2,1,-99,2
121,Brazil,Democrats,2,4,-99,8
122,Brazil,Brazilian Democratic Movement,2,4,-99,6
123,Brazil,Progressive Party,2,4,-99,8
125,Brazil,Social Democracy Party,2,3,-99,5
128,Brazil,Social Liberal Party ,2,4,-99,8
129,Brazil,Workers' Party,2,1,-99,2
130,Barbados,Barbados Labor Party,2,3,3,5,2,6,3
131,Barbados,Democratic Labor Party,2,4,3,7,7,7,8,1,4
132,Bhutan,Bhutan United,6,1,1,4,4
133,Bhutan,Peace and Prosperity,6,3,1,7,4
134,Botswana,Botswana Congress Party,4,3,3,5
135,Botswana,Botswana Democratic Party,4,1,3,4
136,Botswana,Umbrella for Democratic Change,4,1,3,4
137,Canada,Bloc Quebecois,5,1,2,3
138,Canada,Conservative Party,5,4,3,7
139,Canada,Green Party,5,1,2,2
140,Canada,Liberal Party,5,1,3,3
141,Canada,New Democratic Party,5,1,3,2
142,Switzerland,Christian Democratic People's Party,5,2,3,4
143,Switzerland,Conservative Democratic Party of Switzerland,5,4,2,7
144,Switzerland,Evangelical People's Party of Switzerland,5,4,-99,5
145,Switzerland,The Liberals,5,3,3,8
146,Switzerland,Green Liberal Party of Switzerland,5,3,2,5
147,Switzerland,Green Party of Switzerland,5,1,2,2
148,Switzerland,Social Democratic Party,5,1,3,2
149,Switzerland,Swiss Party of Labour,5,1,-99,0
150,Switzerland,Swiss People's Party,5,4,3,8
151,Switzerland,Ticino League,5,4,-99,7
152,Chile,Broad Front,2,1,3,2,1
153,Chile,Chile Let's Go,2,4,3,8
154,Chile,Democratic Convergence,2,1,3,3
155,Chile,The Force of the Majority,2,1,3,3
156,Cote d'Ivoire,Independents,4,3,3,9,2,7,4
157,Cote d'Ivoire,Ivorian Popular Front,4,2,2,2
158,Cote d'Ivoire,Rally of Houphouetists for Democracy and Peace,4,3,3,7
159,Cote d'Ivoire,Union for Cote d'Ivoire,4,2,1,2
160,Cote d'Ivoire,Union for Democracy and Peace in Cote d'Ivoire,4,2,2,3
161,Cameroon,Cameroon Democratic Union,4,4,-99,8,9,6
162,Cameroon,Cameroon People's Democratic Movement,4,4,-99,5,9
163,Cameroon,Cameroon Renaissance Movement,4,4,-99,9,9
164,Cameroon,Movement for the Defense of the Republic,4,4,-99,9,9,1,3,7
165,Cameroon,National Union for Democracy and Progress,4,4,-99,8,8
166,Cameroon,Social Democratic Front,4,2,-99,3
167,Cameroon,Union of the Peoples of Cameroon,4,2,-99,4
168,Democratic Republic of the Congo,Heading for Change,4,2,-99,3
169,Democratic Republic of the Congo,Joint Front for Congo,4,2,-99,3
170,Democratic Republic of the Congo,Lamuka Coalition,4,3,-99,8
171,Republic of the Congo,Action Movement for Renewal,4,0,-99,-99,-99,10,0,10,0,0,4,-99,10,10,2017,-99,-99,0,-4,0,5024
172,Republic of the Congo,Club 2002 PUR,4,0,-99,-99,-99,10,0,0,0,0,4,-99,10,10,2017,-99,-99,0,-4,0,5024
173,Republic of the Congo,Congolese Party of Labour,4,0,-99,-99,-99,10,0,0,0,0,4,-99,10,10,2017,-99,-99,0,-4,0,5024
174,Republic of the Congo,Dynamic for the Republic and Recovery,4,0,-99,-99,-99,10,0,0,0,0,4,-99,-99,10,2017,-99,-99,0,-4,0,5024
175,Republic of the Congo,Independents,4,0,-99,-99,-99,10,0,-99,0,0,3,-99,10,10,2017,-99,-99,0,-4,0,5024
176,Republic of the Congo,Pan-African Union for Social Democracy,4,0,-99,-99,-99,10,0,-99,0,0,3,-99,-99,10,2017,-99,-99,0,-4,0,5024
177,Republic of the Congo,Party for Agreement and Political Action,4,0,-99,-99,-99,10,0,0,0,0,3,-99,-99,10,2017,-99,-99,0,-4,0,5024
178,Republic of the Congo,Patriotic Front,4,0,-99,-99,-99,10,0,-99,0,0,3,-99,-99,10,2017,-99,-99,0,-4,0,5024
179,Republic of the Congo,Rally for Democracy and Social Progress,4,0,-99,-99,-99,10,0,-99,0,0,3,-99,-99,10,2017,-99,-99,0,-4,0,5024
180,Republic of the Congo,Union for a People's Movement,4,0,-99,-99,-99,10,0,0,0,0,3,-99,10,10,2017,-99,-99,0,-4,0,5024
181,Colombia,Alternative Democratic Polo Party,2,1,1,1
182,Colombia,Citizen Option Party,2,0,1,10,-99,-99,-99,7
183,Colombia,Coalition List of the Decency,2,3,1,5
184,Colombia,Colombian Conservative Party,2,4,3,7
185,Colombia,Colombian Liberal Party,2,1,3,4,3
186,Colombia,Democratic Center Party,2,4,3,5
187,Colombia,Green Alliance Party,2,1,2,2,3,4
188,Colombia,Independent Movement of Absolute Renovation,2,4,-99,10,10,9
189,Colombia,National Unity Social Party / Party of the U,2,4,3,5,7,6
190,Colombia,Radical Change Party,2,4,3,7,7
191,Comoros,Convention for the Renewal of the Comoros,4,2,2,3
192,Comoros,Democratic Rally of the Comoros,4,4,2,7,6,-99,1,10,2,9,2,2,3,5
193,Comoros,Independents,4,1,3,4,0,-99,4,10,0,10,0,0,0,0,2015,12
194,Comoros,JUWA party,4,2,3,4,5,10,0,10,0,6
195,Comoros,Party for the Harmony of the Comoros,4,2,2,2
196,Comoros,Rally for an Alternative of Harmonious and Integrated Development,4,2,2,2,9,3,5
197,Comoros,Union for the Development of the Comoros,4,1,3,0,4
198,Cape Verde,African Party for the Independence of Cape Verde,4,1,3,3,3
199,Cape Verde,Democratic and Independent Cape Verdean Union,4,4,2,7,9,6,2,10,5
200,Cape Verde,Labour and Solidarity Party,4,0,1,4,-99,6
201,Cape Verde,Movement for Democracy,4,4,3,8
202,Cape Verde,People's Party,4,0,1,1,-99,8
203,Cape Verde,Social Democratic Party,4,0,1,-99,9,6
204,Costa Rica,Accessibility without Exclusion,2,4,1,6,8
205,Costa Rica,Broad Front,2,1,2,1
206,Costa Rica,Citizens Action Party,2,1,3,4,2
207,Costa Rica,Libertarian Movement Party,2,3,1,8
208,Costa Rica,National Integration,2,4,2,8,8
209,Costa Rica,National Liberation Party,2,4,3,6
210,Costa Rica,National Restoration,2,4,3,7
211,Costa Rica,New Generation Party,2,4,1,7
212,Costa Rica,Social Christian Unity Party,2,4,3,8
213,Costa Rica,Social-Christian Republican Party,2,4,2,8,9
214,Cuba,Communist Party,2,2,3,0
215,Cyprus,Citizen's Alliance,5,1,2,4
216,Cyprus,Democratic Alignment,5,4,3,7
217,Cyprus,Democratic Rally,5,4,3,8
218,Cyprus,Green Party - Citizen's Alliance,5,1,2,3
219,Cyprus,Movement of Social Democrats,5,1,2,3
220,Cyprus,National People's Front,5,4,2,6
221,Cyprus,Progressive Party of the Working People,5,1,3,2
222,Cyprus,Solidarity Movement,5,4,2,5
223,Czech Republic,ANO 2011,1,2,3,3
224,Czech Republic,Christian and Democratic Union – Czechoslovak People's Party,1,4,2,5
225,Czech Republic,Civic Democratic Party,1,4,3,7
226,Czech Republic,Communist Party of Bohemia and Moravia,1,2,2,1
227,Czech Republic,Czech Pirate Party,1,3,3,6
228,Czech Republic,Czech Social Democratic Party,1,1,2,3
229,Czech Republic,Freedom and Direct Democracy,1,2,3,4
230,Czech Republic,Mayors and Independents,1,3,2,7
231,Czech Republic,TOP 09,1,3,2,7
232,Germany,Alliance 90/The Greens,5,1,2,2
233,Germany,Alternative for Germany ,5,4,3,6
234,Germany,Christian Democratic Union,5,4,3,6
235,Germany,Christian Social Union in Bavaria,5,4,2,6
236,Germany,Free Democratic Party ,5,3,3,8,3
237,Germany,Social Democratic Party,5,1,3,3
238,Germany,The Left,5,1,2,1
239,Djibouti,Center of Unified Democrats,4,2,-99,0,10,10,-99,-99,-99,-99,0,0,0,0,2018,-99,-99,0,3,0,-99,67
240,Djibouti,Union for Democracy and Justice / Djibouti Development Party,4,2,-99,0,10,4,-99,10,1,-99,0,-99,-99,0,2018,-99,-99,0,3,0,-99,67
241,Djibouti,Union for the Presidential Majority,4,2,-99,0,10,0,0,1,1,10,0,1,10,10,2018,-99,-99,0,3,0,-99,67
242,Denmark,Alternative,5,1,2,3
243,Denmark,Christian Democrats,5,4,1,9,8
244,Denmark,Conservative People's Party,5,4,2,7
245,Denmark,Danish People's Party,5,2,3,4,8,8
246,Denmark,Left
247,Denmark,Liberal Alliance,5,3,2,8
248,Denmark,Radical Left,5,3,2,6,1
249,Denmark,Social Democratic Party,5,1,3,3
250,Denmark,Socialist People's Party,5,1,2,2
251,Denmark,Unity List-Red Green Alliance,5,1,2,1
252,Dominican Republic,Dominican Liberation Party,2,0,-99,-99,6
253,Dominican Republic,Institutional Social Democratic Bloc,2,0,-99,-99,6
254,Dominican Republic,Liberal Reformist Party,2,4,-99,6,7
255,Dominican Republic,Modern Revolutionary Party,2,2,-99,3
256,Dominican Republic,Social Christian Reformist Party,2,4,-99,7
257,Algeria,HMS Alliance,3,4,2,7,9,4,7
258,Algeria,Nadha-Adala-Bina,3,4,2,6
259,Algeria,National Democratic Rally,3,2,3,3
260,Algeria,National Liberation Front,3,2,3,3,7
261,Algeria,Tajamoua Emel El Djazair,3,4,2,5
262,Ecuador,Creating Opportunities Movement,2,4,3,7
263,Ecuador,Fuerza Ecuador,2,4,2,6
264,Ecuador,January 21 Patriotic Society Party,2,4,1,6,5
265,Ecuador,Movimiento Alianza Pais,2,2,3,3,7
266,Ecuador,Pachakutik Plurinational Unity Movement - New Country,2,1,1,1
267,Ecuador,Party of the Democratic Left,2,1,2,3
268,Ecuador,Social Christian Party,2,4,3,8,8
269,Egypt,Conference Party,3,0,-99,-99,-99,-99,-99,10,-99,-99,-99,-99,-99,-99,2015,-99,5
270,Egypt,Conservative Party,3,2,-99,4,9,-99,-99,10,-99,-99,-99,-99,-99,-99,2015,-99,5
271,Egypt,Democratic Peace Party,3,0,-99,4,-99,-99,-99,10,-99,-99,-99,-99,-99,-99,2015,-99,5
272,Egypt,Free Egyptians Party,3,3,-99,5
273,Egypt,Guards of the Homeland,3,0,-99,3,-99,-99,-99,10,-99,-99,-99,-99,-99,-99,2015,-99,5
274,Egypt,Independents,3,2,-99,3,7,9,-99,10,-99,-99,-99,-99,-99,-99,2015,-99,5
275,Egypt,Nation's Future Party,3,0,-99,2,-99,-99,-99,10,-99,2,-99,-99,-99,-99,2015,-99,5
276,Egypt,Party of the Light (Al-Nour),3,2,-99,4,9
277,Egypt,Republican People's Party,3,0,-99,3,-99,-99,-99,10,-99,-99,-99,-99,-99,-99,2015,-99,5
278,Egypt,The New Wafd Party,3,0,-99,5,-99,-99,-99,10,-99,2,-99,-99,-99,-99,2015,-99,5
279,Eritrea,People's Front for Democracy and Justice,4,2,-99,0
280,Spain,Basque Country Unite,5,3,1,5
281,Spain,Citizens,5,3,2,7
282,Spain,People's Party,5,4,3,7
283,Spain,Republican Left of Catalonia,5,1,1,2
284,Spain,Spanish Socialist Workers' Party,5,1,3,4,2
285,Spain,Together for Catalonia,5,3,1,6
286,Spain,Unidas Podemos,5,1,3,1
287,Spain,Vox,5,4,3,8
288,Estonia,Conservative People's Party of Estonia,1,4,2,6
289,Estonia,Estonian Centre Party,1,1,3,3
290,Estonia,Estonian Free Party,1,3,2,6,3
291,Estonia,Estonian Reform Party,1,3,3,7
292,Estonia,Social-Democratic Party,1,1,3,3
293,Estonia,Union of Pro Patria and Res Publica,1,4,3,7
294,Ethiopia,Afar National Democratic Party,4,2,-99,3
295,Ethiopia,Ethiopian People's Revolutionary Democratic Front,4,2,-99,3
296,Ethiopia,Somali People's Democratic Party,4,2,-99,3
297,Ethiopia,The Argoba People Democratic Organization,4,2,-99,3,6
298,Ethiopia,The Benishangul Gumuz Peoples Democratic Party,4,2,-99,3
299,Ethiopia,The Gambela People's Unity Democratic Movement,4,2,-99,3
300,Ethiopia,The Harari National League,4,2,-99,3
301,Finland,Center Party,5,4,3,6
302,Finland,Christian Democrats,5,4,2,6
303,Finland,Green League,5,1,2,3
304,Finland,Left Alliance,5,1,2,1
305,Finland,National Coalition Party,5,4,3,8,7
306,Finland,Others,5,3,1,6,3,6
307,Finland,Social Democratic Party,5,1,3,3
308,Finland,Swedish People's Party,5,3,2,7
309,Finland,The Finns Party,5,4,3,6
310,Fiji,Fiji Labor Party,6,1,1,3
311,Fiji,FijiFirst,6,1,1,2
312,Fiji,HOPE Party,6,3,1,7,3
313,Fiji,National Federation Party,6,1,1,4
314,Fiji,Social Democratic Liberal Party,6,4,1,6
315,Fiji,Unity Fiji Party,6,3,1,6,3,2
316,France,Democratic Movement,5,3,2,6
317,France,La France Insoumise,5,1,2,1,1
318,France,La République En Marche,5,3,3,6
319,France,National Rally,5,4,2,5
320,France,Socialist Party,5,1,2,3
321,France,The Republicans,5,4,3,8,7
322,France,Union of Democrats and Independents,5,3,2,7
323,Gabon,Circle of Liberal Reformers,4,0,-99,-99,8,2,7,4,3,8,3,3,10,9,2018,-99,-99,0,3,0,15861
324,Gabon,Gabonese Democratic Party,4,0,-99,-99,8,3,-99,4,3,8,3,3,10,10,2018,-99,-99,0,3,0,15861
325,Gabon,National Union,4,0,-99,-99,7,10,7,3,3,8,4,3,3,4,2018,-99,-99,0,3,0,15861
326,United Kingdom,Brexit Party,5,4,1,8
327,United Kingdom,Conservative and Unionist Party,5,4,3,7
328,United Kingdom,Democratic Unionist Party,5,4,1,7,8
329,United Kingdom,Green Party,5,1,1,2
330,United Kingdom,Labour Party,5,1,3,2
331,United Kingdom,Liberal Democrats,5,1,2,4
332,United Kingdom,Plaid Cymru,5,1,1,3
333,United Kingdom,Scottish National Party,5,1,2,3
334,United Kingdom,Sinn Féin,5,1,1,2
335,United Kingdom,UK Independence Party,5,4,-99,8
336,Georgia,Free Democrats,1,3,1,7
337,Georgia,Georgian Dream,1,2,1,4
338,Georgia,Independents,1,2,-99,2
339,Georgia,Topadze - Industrialists
340,Georgia,United National Movement,1,3,1,8
341,Ghana,National Democratic Congress,4,2,-99,3,7,6,2,3
342,Ghana,New Patriotic Party,4,3,-99,7
343,Guinea,New Generation for the Republic,4,0,1,-99,3,-99,-99,10,-99,-99,10,-99,-99,-99,2013,0
344,Guinea,Party of Hope for National Development,4,0,1,-99,3,1,-99,10,0,8
345,Guinea,Rally of the Guinean People,4,2,3,2,9,7,-99,1
346,Guinea,Union for the Progress of Guinea,4,0,1,-99,-99,-99,-99,10,-99,-99,9,-99,-99,-99,2013,1
347,Guinea,Union of Democratic Forces of Guinea,4,4,3,8
348,Guinea,Union of Republican Forces,4,4,2,10,5
349,the Gambia,Alliance for Patriotic Reorientation and Construction,4,2,1,2
350,the Gambia,Gambia Democratic Congress,4,1,1,4,4,5
351,the Gambia,National Reconciliation Party,4,1,1,1,2,6,8,0,10,6,9,3,3,9,2017,0
352,the Gambia,People's Democratic Organization for Independence and Socialism,4,2,1,1,6,1
353,the Gambia,People's Progressive Party,4,0,1,-99,3,5,7,0,7,6
354,the Gambia,United Democratic Party,4,0,1,-99,0,2,8,0,7,5,-99,8,9,10,2017,0
355,Guinea-Bissau,African Party for the Independence of Guinea-Bissau and Cape Verde,4,1,3,4,4,-99,-99,-99,2,8,2,4,3,4,2019,35
356,Guinea-Bissau,Assembly of the People United–Democratic Party of Guinea-Bissau,4,0,2,-99,7,9,7,7,-99,1,7,2,8,7,2019,8
357,Guinea-Bissau,Madem-G15,4,4,3,7,7,9,3,7,-99,2,7,2,8,7,2019,21
358,Guinea-Bissau,New Democracy Party,4,0,1,7,-99,7,-99,7,-99,8,3,2,2,3,2019,1
359,Guinea-Bissau,Party for Democratic Convergence,4,3,1,7,3,-99,-99,7,3,8,2,4,2,3,2019,1
360,Guinea-Bissau,Party for Social Renewal,4,2,3,2,7,9,7,3,-99,1,7,2,8,7,2019,21
361,Guinea-Bissau,Union for Change,4,1,1,4,2,4,-99,-99,1,8,1,4,2,2,2019,1
362,Equatorial Guinea,Citizens for Innovation,4,4,2,8,6
363,Equatorial Guinea,Democratic Party of Equatorial Guinea,4,4,3,6
364,Equatorial Guinea,Together We Can,4,1,1,4
365,Greece,Communist Party of Greece,5,1,2,0
366,Greece,Golden Dawn,5,4,2,6
367,Greece,Independent Greeks,5,4,2,6,9,8
368,Greece,New Democracy,5,4,3,7
369,Greece,Pan Hellenic Socialist Movement,5,1,2,4
370,Greece,Syriza Unionist Social Front,5,1,3,3
371,Greece,The River,5,3,2,7
372,Greece,Union of Centrists,5,4,2,6
373,Grenada,New National Party,-99,4,3,7,7,2,3,-99,2
374,Guatemala,Commitment
375,Guatemala,Encounter for Guatemala,2,1,2,3,3,2,-99,6,3,8,1,2,1,3,2015,3
376,Guatemala,Everyone Together for Guatemala,2,0,3,-99,7
377,Guatemala,Guatemalan National Revolutionary Unity,2,1,2,1,3
378,Guatemala,National Convergence Front,2,4,2,7
379,Guatemala,National Union for Change,2,0,2,-99,7,-99,-99,10,-99,2,-99,7,7,4,2015,4
380,Guatemala,National Unity for Hope,2,2,3,4,7,2
381,Guatemala,Patriot Party,2,4,2,7,8,9,-99,9,8,2,8,9,9,9,2015,8
382,Guatemala,Renewed Democratic Liberty Party,2,0,3,8,-99,9,-99,9,-99,1,8,9,9,9,2015,19
383,Guatemala,Vision with Values,2,4,2,8
384,Guyana,People’s Progressive Party – Civic  ,2,1,3,4,4,6
385,Guyana,United Guyana-National Unity (APNU),2,0,3,-99,4,7
386,Croatia,Bridge of Independent Lists,1,4,2,5
387,Croatia,Croatian Labourists - Labour Party,1,1,1,2
388,Croatia,Even Stronger Istria Coalition,1,3,1,5
389,Croatia,For Prime Minister Coalition,1,2,1,3
390,Croatia,HDSSB Coalition,1,4,1,6
391,Croatia,HDZ Coalition,1,2,3,4
392,Croatia,Homeland Coalition,1,4,1,6
393,Croatia,People's Coalition,1,1,3,3
394,Croatia,The Only Option Coalition,1,2,2,3
395,Croatia,Turn Croatia Around Coalition,1,2,1,3
396,Haiti,Alternative League for the Progress and Emancipation of Haiti,2,0,-99,3,-99,4,7,7
397,Haiti,Convention for Democratic Unity,2,1,-99,4,3
398,Haiti,Fanmi Lavalas,2,1,-99,1
399,Haiti,Haiti in Action,2,2,-99,4,7,6,5
400,Haiti,Haitian Tet Kale Party,2,4,-99,6
401,Haiti,Tet Kole sous Chimen Devlopman pou un Nord'Ouest uni et Renonve,2,0,-99,4,-99,7
402,Haiti,Organization of People in Struggle,2,1,-99,2
403,Haiti,Patriotic Unity Party,2,2,-99,4
404,Haiti,Regrouping of Social Democratic Fusion,2,1,-99,3,2
405,Haiti,Truth,2,1,-99,3
406,Hungary,Fidesz,1,2,3,2
407,Hungary,Independents,1,0,1,-99,3,0,5
408,Hungary,Jobbik
409,Hungary,Hungarian Socialist Party - Dialogue for Hungary,1,1,3,3
410,Hungary,National Self-Government of Germans in Hungary,1,0,1,-99,-99,-99,10,10,-99,-99,-99,0,-99,-99,2018,0
411,Hungary,Politics Can Be Different,1,1,2,2
412,Hungary,The Democratic Coalition,1,3,2,5
413,Hungary,Together – Party for a New Era,1,1,2,4
414,Indonesia,Democratic Party,6,2,3,4
415,Indonesia,Great Indonesia Movement Party,6,2,3,4
416,Indonesia,Indonesian Democratic Party,6,2,3,3,7
417,Indonesia,National Awakening Party,6,2,2,4
418,Indonesia,National Democrat Party,6,4,2,6,8
419,Indonesia,National Mandate Party,6,2,2,4
420,Indonesia,Party of the Functional Groups,6,2,3,4
421,Indonesia,People's Conscience Party,6,4,2,5
422,Indonesia,Prosperous Justice Party,6,2,2,4
423,Indonesia,United Development Party,6,2,2,4
424,India,All India Anna Dravida Munnetra Kazhagam,6,4,2,5
425,India,All India Trinamool Congress,6,1,2,3
426,India,Bharatiya Janata Party,6,4,3,7
427,India,Biju Janata Dal,6,1,1,4
428,India,Communist Party of India,6,1,2,1
429,India,Indian National Congress,6,1,3,4
430,India,Shivsena,6,4,1,6
431,India,Telangana Rashtra Samithi,6,1,1,4
432,India,Telugu Desam,6,3,1,5
433,India,Yuvajana Sramika Rythu Congress Party,6,1,1,4
434,Ireland,Anti-Austerity Alliance - People Before Profit,5,1,2,1
435,Ireland,Fianna Fail,5,4,3,5
436,Ireland,Fine Gael,5,3,3,7
437,Ireland,Green Party,5,1,1,3
438,Ireland,Independent Alliance,5,4,2,5,5
439,Ireland,Independents,5,1,3,4
440,Ireland,Labour Party,5,1,2,3
441,Ireland,Renua Ireland,5,4,1,7
442,Ireland,Sinn Fein,5,1,3,2
443,Ireland,Social Democrats,5,1,2,3
444,Iran,Executives of Construction Party,3,3,-99,10,3,4,3,10,8,1,7,9,4,10,2016,-99,4
445,Iran,Front of Islamic Revolution Stability,3,0,-99,-99,9,-99,9,10,-99,-99,-99,-99,-99,-99,2016,-99,4
446,Iran,Islamic Iran Participation Front,3,3,-99,10,2
447,Iran,United Front of Principalists,3,0,-99,-99,9,-99,9,10,-99,-99,-99,-99,-99,-99,2016,-99,4
448,Iraq,Fatah Alliance,3,2,1,3,8,8,4,4,3,4,7,-99,8,7,2018,0
449,Iraq,Kurdistan Democratic Party,3,0,1,-99,4,-99,3,2,0,9,0,0,2,4,2018,0
450,Iraq,Marching Towards Reform,3,1,1,3,4,2,-99,4,1,7,2,4,3,-99,2018,0
451,Iraq,Movement for Change,3,1,1,4,4,-99,3,3,1,9,0,0,2,4,2018,0
452,Iraq,National Coalition,3,1,1,3,4,3,4,4,1,4,2,-99,-99,7,2018,0
453,Iraq,National Wisdom Movement,3,2,1,3,8,7,4,-99,2,4,7,-99,8,-99,2018,0
454,Iraq,Patriotic Union of Kurdistan,3,1,1,3,4,-99,3,3,1,9,0,0,2,4,2018,0
455,Iraq,State of Law Coalition,3,2,1,4,8,8,-99,4,3,4,7,-99,8,7,2018,0
456,Iraq,Uniters for Reform Coalition,3,1,1,3,4,7,4,4,2,4,-99,-99,7,7,2018,0
457,Iraq,Victory Alliance,3,2,1,3,8,8,4,4,3,4,7,-99,8,7,2018,0
458,Iceland,Bright Future,5,3,1,5,1
459,Iceland,Centre Party ,5,4,3,7
460,Iceland,Independence Party,5,4,3,7
461,Iceland,Left-Green Movement,5,1,3,2
462,Iceland,People's Party,5,2,2,2
463,Iceland,Pirate Party,5,1,2,3
464,Iceland,Progressive Party,5,3,3,7,4
465,Iceland,Reform Party,5,3,2,7
466,Iceland,Social Democratic Alliance,5,1,3,2
467,Israel,Jewish Home,3,4,2,7
468,Israel,Joint List: Hadash
469,Israel,Kulanu/All of Us,3,2,2,4
470,Israel,Likud,3,4,3,8
471,Israel,Meretz,3,1,2,1
472,Israel,Shas,3,2,2,2
473,Israel,United Torah Judaism,3,2,2,2
474,Israel,There is a Future,3,3,2,7
475,Israel,Israel is our Home,3,3,2,8,3
476,Israel,Zionist Bloc,3,1,3,3
477,Italy,Centre-Left Coalition (Democratic Party
478,Italy,Associative Movement Italians Abroad,5,0,1,-99,5
479,Italy,Centre-Right Coalition (Lega Nord
480,Italy,Five Star Movement,5,1,3,3
481,Italy,Free and Equal,5,1,2,2
482,Italy,South American Union of Italian Emigrants,5,4,1,7
483,Jamaica,Jamaica Labour Party,2,4,3,10,8
484,Jamaica,Marcus Garvey People's Political Party,2,0,1,4,-99,-99,-99,10,-99,-99,-99,0,-99,-99,2016,0,-99,0,9,2,8275
485,Jamaica,National Democratic Movement,2,0,1,4,-99,-99,-99,10,-99,-99,-99,1,3,-99,2016,0,-99,0,9,2,8275
486,Jamaica,People's National Party,2,4,3,8
487,Jordan,Islamic Action Front,3,2,-99,4,8
488,Jordan,Islamic Centrist Party,3,0,-99,-99,8,1,0,5
489,Jordan,National Union Party,3,0,-99,2,-99,7,-99,2,-99,3,7,-99,7,7,2016,-99,5
490,Jordan,Stronger Jordan,3,0,-99,1,-99,7,-99,2,-99,3,7,-99,7,7,2016,-99,5
491,Jordan,The Homeland,3,0,-99,2,-99,7,-99,2,-99,3,7,-99,7,7,2016,-99,5
492,Japan,Constitutional Democratic Party of Japan,6,1,3,3
493,Japan,Japanese Communist Party,6,1,2,1
494,Japan,Komeit?,6,2,3,3
495,Japan,Liberal Democratic Party,6,4,3,5
496,Japan,Nippon Ishin no Kai,6,4,2,7
497,Japan,Party of Hope,6,4,3,6
498,Japan,Social Democratic Party,6,1,1,2,2
499,Kazakhstan,Birlik,1,2,1,3,9,-99,-99,10,0,-99,0,7,4,-99,2016,0
500,Kazakhstan,Communist People's Party of Kazakhstan,1,2,2,0,9
501,Kazakhstan,Democratic Party of Kazakhstan,1,0,2,10,-99,-99,-99,10,1,9,0,-99,1,1,2016,7
502,Kazakhstan,Kazakhstan Social and Democratic Party 'Auyl',1,2,1,3,9,8,-99,6
503,Kazakhstan,Nationwide Social Democratic Party,1,2,1,4,7,10,-99,10,-99,-99,0,7,2,1,2016,1
504,Kazakhstan,Nur Otan,1,4,3,5,9,-99,-99,10,1,9,0,2
505,Kenya,Amani Coalition,4,4,-99,7,8
506,Kenya,Chama Cha Uzalendo,4,2,-99,3
507,Kenya,Forum for the Restoration of Democracy-People,4,4,-99,6
508,Kenya,Independents,4,0,-99,-99,2,7,-99,10,4,10,10,4,5
509,Kenya,Kenya African National Union,4,4,-99,7
510,Kenya,Orange Democratic Movement,4,4,-99,5,8
511,Kenya,Party for Development and Reform,4,2,-99,3,10,7,-99,10,4,10,10,5
512,Kenya,Jubilee,4,4,-99,7
513,Kenya,Wiper Democratic Movement - Kenya,4,4,-99,6
514,Kyrgyzstan,Kyrgyzstan Party,1,4,3,5
515,Kyrgyzstan,Onuguu-Progress,1,4,3,5
516,Kyrgyzstan,Respublika - Ata-Zhurt,1,4,3,5
517,Kyrgyzstan,Social Democratic Party of Kyrgyzstan,1,2,3,4
518,Kyrgyzstan,Socialist Party Ata Meken,1,2,3,4
519,Kyrgyzstan,Stay United,1,4,3,7,8,8,-99,9
520,Cambodia,Cambodian People's Party,6,4,1,5
521,Cambodia,League for Democracy Party,6,4,1,7
522,Cambodia,National United Front for an Independent
523,Republic of Korea,Independents,6,1,2,4,3
524,Republic of Korea,Justice Party,6,1,1,1
525,Republic of Korea,Minjoo Party,6,1,3,3
526,Republic of Korea,New Frontier Party,6,4,3,7
527,Republic of Korea,People's Party,6,1,3,3,4
528,Kuwait,Hadas,3,4,-99,8,9,-99,9,1,-99,4,4,3,7
529,Kuwait,Islamic Salafi Alliance,3,4,-99,8,8,7,9,1,-99,3,9,8,8
530,Kuwait,Justice and Peace Alliance,3,2,-99,3
531,Kuwait,Kuwait Democratic Forum,3,1,-99,1
532,Kuwait,National Democratic Alliance,3,3,-99,8
533,Kuwait,National Islamic Alliance,3,4,-99,7,7,8,8,4,-99,-99,7,-99,7,10,2016,-99,-99,0,-7,1,64683
534,Kuwait,Popular Action Bloc,3,2,-99,1
535,Laos,Independents,6,2,-99,4,9,-99,7,10,2,7,2,2
536,Laos,Lao People's Revolutionary Party,6,2,-99,3,8
537,Lebanon,Amal Movement,3,2,3,4
538,Lebanon,Azm Party,3,3,2,6
539,Lebanon,Free Patriotic Movement,3,4,3,5
540,Lebanon,Hezbollah,3,2,3,3
541,Lebanon,Independents/Others,3,3,3,6,2
542,Lebanon,Kataeb-Phalangist Party,3,4,2,7
543,Lebanon,Progressive Socialist Party,3,2,2,4
544,Lebanon,Tadamun Party (Solidarity),3,3,1,5
545,Lebanon,The Future Movement,3,4,3,7
546,Lebanon,The Lebanese Forces,3,4,3,7
547,Libya,Justice and Construction Party,3,2,-99,4,10,6
548,Libya,Libyan National Democratic Party,3,0,-99,-99,8,4,-99,10,-99,-99,4,-99,-99,-99,2014,-99,5
549,Libya,National Centrist Party,3,0,-99,-99,-99,2,-99,10,-99,-99,3,-99,-99,-99,2014,-99,5
550,Libya,National Forces Alliance,3,2,3,0,5,3,-99,10,-99,-99,0,4,1,1,2014,100,5
551,Libya,National Front Party,3,4,-99,8,9,4,-99,10,-99,4,2,-99,9,-99,2014,-99,5
552,Libya,National Party for Development and Welfare,3,0,-99,-99,-99,-99,-99,10,-99,-99,-99,-99,-99,-99,2014,-99,5
553,Libya,The Foundation,3,0,-99,-99,-99,-99,-99,10,-99,-99,-99,-99,-99,-99,2014,-99,5
554,Libya,The Message,3,0,-99,-99,-99,-99,-99,10,-99,-99,-99,-99,-99,-99,2014,-99,5
555,Libya,Union for Homeland,3,0,-99,-99,7,2,-99,10,-99,-99,-99,-99,-99,7,2014,-99,5
556,Libya,Wadi al-Hiya Alliance,3,0,-99,-99,-99,-99,-99,10,-99,-99,-99,-99,-99,-99,2014,-99,5
557,Lesotho,All Basotho Convention,4,2,-99,4,5
558,Lesotho,Alliance of Democrats,4,1,-99,2
559,Lesotho,Basotho National Party,4,2,-99,4
560,Lesotho,Basutoland Congress Party,4,1,-99,2,3
561,Lesotho,Democratic Congress,4,2,-99,4
562,Lesotho,Lesotho Congress for Democracy,4,2,-99,4
563,Lesotho,Movement for Economic Change,4,1,-99,4,1,5
564,Lesotho,National Independent Party,4,2,-99,3
565,Lesotho,Popular Front for Democracy,4,1,-99,2,3
566,Lesotho,Reformed Congress of Lesotho,4,2,-99,2
567,Lithuania,Homeland Union – Lithuanian Christian Democrats,1,4,3,7
568,Lithuania,Independents,1,1,2,3,4
569,Lithuania,Labor Party,1,2,1,3
570,Lithuania,Liberal Movement,1,3,2,8
571,Lithuania,Lithuanian Center Party,1,2,1,2
572,Lithuania,Lithuanian List,1,2,1,3
573,Lithuania,Lithuanian Peasant and Greens Union,1,2,3,3
574,Lithuania,Lithuanian Poles' Electoral Action - Christian Family,1,2,1,3
575,Lithuania,Order and Justice,1,2,2,2
576,Lithuania,Social Democratic Party of Lithuania,1,1,3,2
577,Luxembourg,Alternative Democratic Reform Party,5,4,1,5
578,Luxembourg,Christian Social People's Party,5,4,1,7,7
579,Luxembourg,Communist Party of Luxembourg,5,1,1,0
580,Luxembourg,Democratic Party,5,3,1,7
581,Luxembourg,Luxembourg Socialist Workers' Party,5,1,1,3
582,Luxembourg,Party for Complete Democracy,5,0,1,-99,-99,9,-99,10,3,-99,2,4,2,1,2018,0
583,Luxembourg,Pirate Party,5,3,1,6,0
584,Luxembourg,The Green Alternative,5,0,1,-99,2
585,Luxembourg,The Left,5,1,1,2,2,6,2,1
586,Latvia,For Development/For!,1,3,1,6
587,Latvia,From the Heart for Latvia,1,2,1,3
588,Latvia,Harmony,1,1,1,2
589,Latvia,Latvian Association of Regions,1,2,1,4,5
590,Latvia,National Alliance,1,4,1,5
591,Latvia,New Unity,1,3,1,8
592,Latvia,The New Conservative Party,1,4,1,6,7
593,Latvia,Union of Greens and Farmers,1,4,1,5,7
594,Latvia,Who Owns the State,1,2,1,3
595,North Macedonia,Alliance of Albanians,1,2,2,1,6
596,North Macedonia,Besa Movement,1,2,2,4,7
597,North Macedonia,Democratic Party of Albanians,1,2,1,1,7
598,North Macedonia,Democratic Union for Integration,1,2,2,3
599,North Macedonia,Internal Macedonian Revolutionary Organization-Democratic Party for Macedonian Nati,1,4,3,5,8
600,North Macedonia,Social Democratic Union coalition,1,1,3,3,1
601,Morocco,Authenticity and Modernity Party,3,3,-99,6,1
602,Morocco,Constitutional Union,3,2,-99,4
603,Morocco,Democratic and Social Movement,3,2,-99,2,6,0
604,Morocco,Federation of the Democratic Left,3,1,-99,3,2
605,Morocco,Istiqlal Party,3,2,-99,4
606,Morocco,Justice and Development Party,3,4,-99,6,9
607,Morocco,National Rally of Independents,3,3,-99,5
608,Morocco,Party of Progress and Socialism,3,1,-99,4,2,2
609,Morocco,Popular Movement,3,2,-99,3
610,Morocco,Socialist Union of Popular Forces,3,1,-99,3,3
611,Moldova,Democratic Party of Moldova,1,4,3,5
612,Moldova,Liberal Democratic Party,1,3,3,6
613,Moldova,Liberal Party,1,4,2,7
614,Moldova,Party of Communists,1,2,3,2
615,Moldova,Party of Socialists,1,2,3,2
616,Madagascar,Andrin Ny Madagasikara,4,0,1,0,-99,6
617,Madagascar,Antoko Maitso,4,1,2,0
618,Madagascar,Economic Liberalism and Democratic Action for National Recovery,4,3,1,8,2,4
619,Madagascar,Hiaraka Isika,4,0,2,1,-99,8,4,7
620,Madagascar,Independents and Minor Parties,4,2,3,3
621,Madagascar,Ravalomanana Movement,4,4,3,5,5,5
622,Madagascar,Sambo Fiaran I Noe,4,2,1,0,8,9,4,8
623,Madagascar,Trano Kasaka,4,0,1,0,-99,10,-99,10,-99,-99,-99,-99,-99,-99,2013,1
624,Madagascar,Vondrona Politika Miara dia Malagasy Miara Miainga,4,1,2,4,4,8,4,6
625,Madagascar,With President Andry Rajoelina,4,2,3,3
626,Maldives,Adhaalath Party,6,2,1,4
627,Maldives,Jumhooree Party,6,4,3,6
628,Maldives,Maldives Development Alliance,6,4,2,5
629,Maldives,Maldivian Democratic Party,6,3,3,5
630,Maldives,Progressive Party of Maldives,6,2,3,4
631,Mexico,Coalición PRI-PVEM ,2,4,3,6
632,Mexico,Independent,2,3,1,5
633,Mexico,Movimiento Ciudadano,2,1,2,4
634,Mexico,Movimiento Regeneracion Nacional,2,1,2,2
635,Mexico,Partido Accion Nacional,2,4,3,7
636,Mexico,Partido de la Revolucion Democrática,2,1,3,3
637,Mexico,Partido del Trabajo,2,1,2,2
638,Mexico,Partido Encuentro Social,2,4,2,5
639,Mexico,Partido Humanista,2,4,1,6
640,Mexico,Partido Nueva Alianza,2,3,2,5
641,Mali,African Solidarity for Democracy and Independence,4,2,-99,2,8,2,-99,10,-99,-99,-99,-99,-99,8,2013,-99,5
642,Mali,Alliance for Democracy in Mali,4,4,-99,7,8,8,-99,10,7,8,4,7,3,8,2013,-99,5
643,Mali,Alternative Forces for Renewal and Emergence,4,0,-99,-99,8,-99,-99,10,-99,-99,-99,-99,-99,8,2013,-99,5
644,Mali,Congress for Democratic Initiative,4,0,-99,-99,8,-99,-99,10,-99,-99,-99,-99,-99,8,2013,-99,5
645,Mali,Economic and Social Development Party,4,0,-99,-99,8,-99,-99,10,-99,-99,-99,-99,-99,8,2013,-99,5
646,Mali,Independents,4,0,-99,-99,8,-99,-99,10,-99,-99,-99,-99,-99,8,2013,-99,5
647,Mali,Rally for Mali,4,4,-99,7,8,8,-99,10,7,8,-99,7,3,8,2013,-99,5
648,Mali,Union for Democracy and Development,4,0,-99,-99,8,-99,-99,10,-99,-99,-99,-99,-99,8,2013,-99,5
649,Mali,Union for the Republic and Democracy,4,4,-99,7,8,8,-99,10,7,8,-99,7,3,8,2013,-99,5
650,Malta,Forza Nazzjonali,5,4,1,7
651,Malta,Malta Labor Party,5,3,1,6
652,Myanmar,Arakan National Party,6,2,1,3,9,7
653,Myanmar,Kachin State Democracy Party,6,2,1,4
654,Myanmar,Kokang Democracy and Unity Party,6,2,1,1
655,Myanmar,Lisu National Development Party,6,2,1,2
656,Myanmar,National League for Democracy,6,2,1,4
657,Myanmar,Pa-O National Organization,6,2,1,3,7
658,Myanmar,Shan Nationalities League for Democracy,6,2,1,4
659,Myanmar,Ta-Arng Nationality Party,6,2,1,3,7
660,Myanmar,Union Solidarity and Development Party,6,2,1,4
661,Myanmar,Zomi Congress for Democracy,6,2,1,2
662,Montenegro,Albanians Decisively,1,2,1,4,8
663,Montenegro,Bosniak Party,1,2,2,4,8
664,Montenegro,Croatian Civic Initiative,1,2,1,1,7
665,Montenegro,Democratic Front,1,2,3,4
666,Montenegro,Democratic Montenegro,1,2,3,3
667,Montenegro,Democratic Party of Socialists,1,3,3,5
668,Montenegro,Key Coalition,1,1,3,4,1,4,-99,10,4,-99,4,-99,7,7,2016,11
669,Montenegro,Social Democratic Party,1,1,2,2,1
670,Montenegro,Social Democrats of Montenegro,1,1,2,3
671,Mongolia,Democratic Party,1,3,3,5
672,Mongolia,Independents,1,2,3,4
673,Mongolia,Mongolian People's Revolutionary Party,1,2,2,1
674,Mongolia,Mongolian People’s Party,1,2,3,3
675,Mozambique,Mozambican Liberation Front,4,3,3,6,3,4
676,Mozambique,Mozambican National Resistance,4,0,3,7
677,Mozambique,Mozambique Democratic Movement,4,0,2,8,-99,7,-99,10,4,7
678,Mauritania,National Rally for Reform and Development,4,2,1,2,9,8,-99,7
679,Mauritania,Other,4,0,1,-99,-99,-99,-99,10,-99,-99,-99,-99,-99,-99,2018,0
680,Mauritania,Union for the Republic,4,4,1,8
681,Mauritius,Militant Socialist Movement (Mouvement Socialist Mauricien) - Maurition Social Demo,4,2,3,3,6,5,6
682,Mauritius,Rodrigues People's Organisation,4,2,1,3,5
683,Mauritius,The Labor Party - Mauritian Militant Movement,4,2,3,3
684,Malawi,Alliance for Democracy,4,2,-99,4
685,Malawi,Democratic Progressive Party,4,2,-99,3
686,Malawi,Independents,4,2,-99,4,8,4
687,Malawi,Malawi Congress Party,4,2,-99,4
688,Malawi,People's Party,4,2,-99,3
689,Malawi,United Democratic Front,4,2,-99,3
690,Malawi,United Transformation Unit,4,2,-99,4
691,Malaysia,Alliance of Hope,6,1,-99,4
692,Malaysia,Independents,6,0,-99,-99,2,8,3
693,Malaysia,Malaysian Islamic Party,6,4,-99,5
694,Malaysia,National Front,6,4,-99,6
695,Malaysia,Sabah Heritage Party,6,2,-99,4
696,Namibia,All People's Party,4,1,1,3,1,0,-99,0,0,-99,0,0,1,0,2014,2
697,Namibia,Democratic Turnhalle Alliance of Namibia,4,3,2,7,4,3,-99,7,-99,8,4,0,3,-99,2014,4
698,Namibia,Rally of Democracy and Progress,4,1,2,2,1,0,-99,0,0,-99,0,0,1,0,2014,3
699,Namibia,SWAPO Party of Namibia,4,0,3,-99,3,7,-99,4,4,8,3,4,3,10,2014,80
700,Namibia,United Democratic Front,4,1,1,3,3,0,-99,0,-99,4,2,0,1,-99,2014,2
701,Nigeria,Action Alliance,4,1,1,4,4
702,Nigeria,African Democratic Congress,4,1,1,3,4,3
703,Nigeria,African Peoples Alliance,4,2,1,4
704,Nigeria,All Progressives Congress,4,4,3,5,7
705,Nigeria,Alliance For Democracy,4,1,1,1
706,Nigeria,Allied Congress Party of Nigeria ,4,2,1,4
707,Nigeria,Citizens Popular Party,4,2,1,3
708,Nigeria,National Conscience Party,4,2,1,1
709,Nigeria,Peoples Democratic Party,4,4,3,5
710,Nigeria,Peoples Party of Nigeria,4,2,1,3
711,Nicaragua,Alliance for the Republic,2,0,1,-99,-99,-99,-99,10,-99,-99,-99,-99,-99,-99,2016,2
712,Nicaragua,Conservative Party of Nicaragua,2,4,2,8
713,Nicaragua,Independent Liberal Party,2,4,2,8
714,Nicaragua,Liberal Constitutionalist Party,2,4,3,9,9,4
715,Nicaragua,Nicaraguan Liberal Alliance,2,4,2,9,8,-99,-99,8,-99,7,-99,-99,-99,-99,2016,5
716,Nicaragua,Sandinista National Liberation Front,2,1,3,2,1
717,Netherlands,50PLUS,5,1,2,3
718,Netherlands,Christian Democratic Appeal,5,4,3,6
719,Netherlands,Christian Union Party,5,2,2,4
720,Netherlands,Democrats 66,5,3,3,6,1
721,Netherlands,Labour Party,5,1,2,3
722,Netherlands,Party for Freedom,5,1,3,4
723,Netherlands,Party for the Animals,5,1,2,2
724,Netherlands,People's Party for Freedom and Democracy,5,3,3,7
725,Netherlands,Socialist Party,5,1,2,1
726,Netherlands,Green Left,5,1,2,2
727,Norway,Centre Party,5,2,3,2
728,Norway,Christian Democratic Party,5,4,2,6,6
729,Norway,Conservative Party,5,3,3,7
730,Norway,Green Party,5,1,2,3
731,Norway,Labour Party,5,1,3,3
732,Norway,Liberal Party,5,3,2,7
733,Norway,Progress Party,5,4,3,7
734,Norway,Red Party,5,1,1,1
735,Norway,Socialist Left Party,5,1,2,1
736,Nepal,Communist Party of Nepal (Maoist Centre),6,1,3,1
737,Nepal,Communist Party of Nepal,6,1,3,2
738,Nepal,Federal Socialist Forum
739,Nepal,New Power Party,6,1,1,3
740,Nepal,Nepal Worker's Peasants Party,6,2,1,2
741,Nepal,Nepali Congress,6,3,3,7
742,Nepal,National People's Front,6,2,1,3,6,5
743,Nepal,National Janata Party,6,4,2,5
744,Nepal,National Democracy Party,6,4,1,7
745,New Zealand,ACT,5,3,1,8
746,New Zealand,Green Party,5,1,2,2
747,New Zealand,New Zealand First Party,5,4,2,6
748,New Zealand,Labour Party,5,1,3,4
749,New Zealand,National Party,5,4,3,7
750,Pakistan,Awami National Party,6,1,-99,4
751,Pakistan,Balochistan Awami Party,6,4,-99,5,6
752,Pakistan,Grand Democratic Alliance,6,4,-99,6
753,Pakistan,Independents,6,4,-99,6,7
754,Pakistan,Movement for Justice,6,2,-99,4
755,Pakistan,Muttahida Majlis-e-Amal,6,2,-99,4
756,Pakistan,Muttahida Qaumi Movement,6,3,-99,5,4
757,Pakistan,Pakistan Muslim League-Qaid,6,4,-99,7
758,Pakistan,Pakistan Muslim League
759,Pakistan,Pakistan People’s Party,6,1,-99,3
760,Panama,Democratic Change,2,0,-99,8,-99,7
761,Panama,Democratic Revolutionary Party,2,3,-99,6,3
762,Panama,Independents,2,1,-99,4,3
763,Panama,Liberal Republican Nationalist Movement,2,4,-99,8
764,Panama,Panemeñista Party,2,4,-99,8,6,7
765,Peru,Alliance for the Progress of Peru,2,4,2,8,7,9,5
766,Peru,Broad Front,2,1,2,1
767,Peru,Peruvians for Change,2,4,3,8
768,Peru,Popular Action,2,4,2,5
769,Peru,Popular Alliance,2,4,2,7
770,Peru,Popular Force,2,4,3,7
771,Philippines,Independents,6,1,3,1
772,Philippines,Liberal Party,6,3,3,6
773,Philippines,Nacionalista Party,6,4,3,6
774,Philippines,Nationalist People’s Coalition,6,4,3,7
775,Philippines,Philippine Democratic Party-People's Power,6,4,2,7,5
776,Philippines,Struggle of Democratic Filipinos,6,4,2,6
777,Philippines,United Nationalist Alliance ,6,4,3,5
778,Papua New Guinea,National Alliance Party,6,2,-99,3,9,10,7,8
779,Papua New Guinea,Pangu Party,6,2,-99,3,7
780,Papua New Guinea,Papua New Guinea Party,6,4,-99,6
781,Papua New Guinea,People's Labour Party,6,4,-99,9,8
782,Papua New Guinea,People's National Congress,6,4,-99,5,9,9
783,Papua New Guinea,People's Progress Party,6,4,-99,5,7
784,Papua New Guinea,PNG National Party,6,4,-99,9,8
785,Papua New Guinea,Social Democratic Party,6,4,-99,5,8
786,Papua New Guinea,Triumph Heritage Empowerment Rural Party,6,4,-99,8,9,7,5
787,Papua New Guinea,United Resources Party,6,4,-99,5
788,Poland,Civic Platform,1,3,-99,7
789,Poland,Independents,1,3,-99,5
790,Poland,Law and Justice,1,2,-99,2
791,Poland,Polish Peasant Party,1,2,-99,3
792,Portugal,Democratic Unity Coalition,5,1,2,1
793,Portugal,Left Bloc,5,1,3,1
794,Portugal,People-Animals-Nature,5,1,1,3,2
795,Portugal,Portugal Ahead,5,4,3,7
796,Portugal,Socialist Party,5,1,3,2
797,Paraguay,Authentic Liberal Radical Party,2,4,3,7
798,Paraguay,Beloved Fatherland,2,4,2,9,9
799,Paraguay,Green Party,2,4,1,5,5
800,Paraguay,Let's Do It,2,4,2,7,8
801,Paraguay,National Crusade Movement,2,4,1,6
802,Paraguay,National Encounter Party,2,4,2,5,7
803,Paraguay,National Republican Association - Colorado Party,2,4,3,7
804,Romania,Alliance of Liberals and Democrats,1,4,2,7
805,Romania,Democratic Union of Hungarians in Romania,1,4,2,6
806,Romania,National Liberal Party,1,4,3,7
807,Romania,Party of Social Democracy of Romania - Social Democratic Party,1,2,3,3
808,Romania,People's Movement Party,1,4,2,7
809,Romania,Save Romania Union,1,3,2,6
810,Russia,A Just Russia,1,2,2,3
811,Russia,Liberal Democratic Party of Russia,1,4,3,5,7
812,Russia,Party of Growth,1,3,1,8,2
813,Russia,Party of People's Freedom,1,3,1,6
814,Russia,Rodina,1,2,1,3,7
815,Russia,Russian Ecological Party,1,1,1,4,3,6,3
816,Russia,Russian Party of Pensioners for Justice,1,2,1,2,9,6
817,Russia,The Communist Party of the Russian Federation,1,2,3,2
818,Russia,United Russia,1,2,3,4
819,Russia,Yabloko,1,3,1,7
820,Rwanda,Democratic Green Party of Rwanda,4,2,-99,2
821,Rwanda,Liberal Party,4,4,-99,5,8,3
822,Rwanda,Party Imberakuri,4,2,-99,3,8
823,Rwanda,Rwanda Patriotic Front,4,2,-99,4
824,Rwanda,Social Democratic Party,4,2,-99,3
825,Sudan,Democratic Unionist Party,4,4,2,7,9,-99,9,6
826,Sudan,Democratic Unionist Party (led by Jalal al-Digair),4,2,1,3,8,-99,-99,8
827,Sudan,Independents/Other Parties,4,0,2,-99,3
828,Sudan,National Congress,4,0,3,-99,10,10,10,0
829,Singapore,Independent,6,1,1,4,3
830,Singapore,National Solidarity Party,6,1,2,4
831,Singapore,People's Action Party,6,2,3,3
832,Singapore,People's Power Party,6,2,1,3,5,9,8
833,Singapore,Reform Party,6,3,1,5
834,Singapore,Singapore Democratic Alliance,6,1,1,4,4,-99,8
835,Singapore,Singapore Democratic Party,6,1,2,2
836,Singapore,Singapore People’s Party,6,3,1,5
837,Singapore,Singaporeans First,6,2,1,3,5
838,Singapore,Workers' Party,6,2,3,3
839,Solomon Islands,Democratic Alliance Party,6,0,2,-99,7,4,-99,10,-99,-99,-99,-99,-99,9,2014,7
840,Solomon Islands,Independent,6,0,3,-99,7,-99,-99,10,-99,-99,-99,-99,-99,9,2014,55
841,Solomon Islands,Kadare Party of Solomon Islands,6,0,2,-99,7,4,-99,10,-99,-99,-99,-99,-99,9,2014,4
842,Solomon Islands,People's Alliance Party,6,2,2,4,7,4,-99,10,-99,-99,-99,-99,-99,9,2014,4
843,Solomon Islands,Solomon Islands Party for Rural Advancement,6,0,2,-99,7,4,-99,10,-99,-99,-99,-99,-99,9,2014,4
844,Solomon Islands,Solomon Islands People First Party,6,2,2,4,7,4,-99,10,-99,-99,-99,-99,-99,9,2014,3
845,Solomon Islands,United Democratic Party,6,0,3,-99,7,4,-99,10,-99,-99,-99,-99,-99,9,2014,10
846,Sierra Leone,All People's Congress ,4,2,-99,2,7,3,4,1,-99,10,7,8,-99,8,2018,-99,-99,-99,-99,-99,1421
847,Sierra Leone,Coalition for Change,4,0,-99,-99,-99,-99,-99,10,-99,10,-99,-99,-99,-99,2018,-99,-99,-99,-99,-99,1421
848,Sierra Leone,Independents,4,0,-99,-99,-99,-99,-99,10,-99,-99,-99,-99,-99,-99,2018,-99,-99,-99,-99,-99,1421
849,Sierra Leone,National Grand Coalition,4,0,-99,-99,-99,-99,-99,10,-99,10,-99,-99,-99,-99,2018,-99,-99,-99,-99,-99,1421
850,Sierra Leone,Sierra Leone People's Party,4,2,-99,2,7,3,2,1,-99,10,7,8,-99,9,2018,-99,-99,-99,-99,-99,1421
852,El Salvador,Christian Democratic Party,2,4,-99,5
853,El Salvador,Farabundo Marti National Liberation Front,2,1,-99,2
855,El Salvador,Grand Alliance for National Unity,2,4,-99,7
858,El Salvador,National Coalition Party,2,4,-99,8
860,El Salvador,Nationalist Republican Alliance,2,4,-99,8
861,Somalia,Democratic Party of Somalia,4,4,-99,8,6,8,-99,10,7,-99,9,8,5
862,Somalia,Greater Somalia League,4,0,-99,-99,3,-99,-99,10,-99,0,-99,-99,8,0,-99,-99,-99,-99,-99,-99,-99,58
863,Somalia,Peace and Development Party,4,4,-99,9,5,9,9,10,7,-99,5
864,Somalia,Somali African National Union,4,0,-99,-99,-99,-99,-99,10,-99,3,-99,-99,9,0,-99,-99,-99,-99,-99,-99,-99,58
865,Somalia,Somali Youth League,4,3,-99,7,1,10,-99,10,-99,0,-99,-99,2,0,-99,-99,-99,-99,-99,-99,-99,58
866,Somalia,Somalia Green Party,4,1,-99,2,4,3,-99,10,1,7,1
867,Somalia,Tayo Party,4,1,-99,3,2,3,-99,10,2,8,6,3,5
868,Serbia,Coalition for a Better Serbia,1,3,2,6,3,3,0
869,Serbia,Democratic Party,1,1,2,3
870,Serbia,Democratic Party of Serbia-Dveri,1,4,2,6
871,Serbia,Enough is Enough,1,3,2,6,3
872,Serbia,Serbian Progressive Party,1,4,3,6
873,Serbia,Serbian Radical Party,1,4,2,6
874,Serbia,Socialist Party of Serbia,1,2,3,2
875,Sao Tome and Principe,Force for Change Democratic Movement - Democratic Convergence Party,4,0,1,9,-99,8,-99,3,2,10,4
876,Sao Tome and Principe,Independent Democratic Action,4,0,1,2,-99,6,-99,3,4,10,4
877,Sao Tome and Principe,Movement for the Liberation of Sao Tome and Principe-Social Democratic Party,4,0,1,8,-99,5
878,Sao Tome and Principe,Sao Tome and Principe Independent Citizen Movement Party,4,0,1,0,-99,5
879,Suriname,A Combination,2,0,3,-99,5,9,6,7
880,Suriname,National Democratic Party,2,2,3,3
881,Suriname,Party for Democracy and Development through Unity,2,1,2,3,3,2
882,Suriname,Progressive Reform Party,2,2,3,4,5,2
883,Suriname,Progressive Workers' and Farmers' Union,2,1,1,2
884,Slovakia,Bridge,1,3,2,7
885,Slovakia,Direction Social Democracy,1,2,3,3
886,Slovakia,Freedom and Solidarity,1,3,3,8
887,Slovakia,Network,1,4,2,7,8,2,6,9
888,Slovakia,Ordinary People and Independent Personalities,1,4,3,7,7
889,Slovakia,People's Party - Our Slovakia,1,2,2,3
890,Slovakia,Slovak National Party,1,2,2,3
891,Slovakia,We are Family,1,2,2,4
892,Slovenia,Alliance of Alenka BratuÅ¡ek,1,1,2,4
893,Slovenia,Democratic Party of Pensioners of Slovenia,1,1,2,2
894,Slovenia,Left,1,1,2,0
895,Slovenia,List of Marjan Sarec,1,1,3,3
896,Slovenia,New Slovenia - Christian Democrats,1,4,2,7
897,Slovenia,Party of Modern Center,1,3,2,5
898,Slovenia,Slovenian Democratic Party,1,4,3,8
899,Slovenia,Slovenian National Party,1,4,2,7
900,Slovenia,Social Democrats,1,1,2,2
901,Sweden,Center Party,5,3,1,7
902,Sweden,Christian Democrats,5,4,1,7
903,Sweden,Feminist Initiative,5,1,1,2
904,Sweden,Green Party ,5,1,1,3
905,Sweden,Liberal Party,5,3,1,7
906,Sweden,Moderate Party,5,4,1,7
907,Sweden,Sweden Democrats,5,4,1,7
908,Sweden,Swedish Social Democratic Party,5,1,1,3
909,Sweden,The Left Party,5,1,1,1
910,Eswatini,Communist Party,4,2,1,1
911,Eswatini,Ngwane National Liberatory Congress,4,2,-99,0,6
912,Eswatini,People's United Democratic Movement,4,3,-99,5
913,Syrian Arab Republic,Independents,3,0,-99,-99,7
914,Syrian Arab Republic,National Progressive Front,3,2,-99,3,5,5,4,4
915,Syrian Arab Republic,Popular Front for Change and Liberation,3,4,-99,7,7
916,Chad,Chadian Convention for Peace and Development,4,0,-99,-99,9,10,-99,10,-99,-99,4,-99,8,9,2011,-99,-99,-99,-99,-99,1746
917,Chad,Democratic and Socialist Party for Alternation,4,0,-99,-99,9,10,-99,10,-99,-99,4,-99,8,9,2011,-99,-99,-99,-99,-99,1746
918,Chad,Federation Action for the Republic,4,0,-99,-99,9,10,-99,10,-99,-99,4,-99,8,9,2011,-99,-99,-99,-99,-99,1746
919,Chad,National Rally for Democracy in Chad,4,0,-99,-99,9,10,-99,10,-99,-99,4,-99,8,9,2011,-99,-99,-99,-99,-99,1746
920,Chad,National Rally for Development and Progress,4,0,-99,-99,9,10,-99,10,-99,-99,4,-99,8,9,2011,-99,-99,-99,-99,-99,1746
921,Chad,National Union for Democracy and Renewal,4,2,-99,3,7,10,-99,2,-99,8,3,-99,7,10,2011,-99,-99,-99,-99,-99,1746
922,Chad,Party for Unity and Reconstruction,4,0,-99,-99,9,10,-99,10,-99,-99,4,-99,8,9,2011,-99,-99,-99,-99,-99,1746
923,Chad,Patriotic Salvation Movement,4,2,-99,2,9,10,-99,-99,-99,8,3,-99,10,10,2011,-99,-99,-99,-99,-99,1746
924,Chad,Rally for Democracy and Progress,4,0,-99,-99,9,10,-99,10,-99,-99,4,-99,8,9,2011,-99,-99,-99,-99,-99,1746
925,Chad,Union for Renewal and Democracy,4,0,-99,-99,9,10,-99,10,-99,-99,4,-99,8,9,2011,-99,-99,-99,-99,-99,1746
926,Togo,Rainbow Coalition,4,0,3,-99,-99,-99,-99,10,-99,-99,-99,-99,-99,-99,2013,11
927,Togo,Save Togo Group,4,0,3,-99,-99,-99,-99,10,-99,-99,-99,-99,-99,-99,2013,34
928,Togo,Union for the Republic,4,0,3,-99,-99,1,-99,4,8,1,-99,10,10,10,2013,41
929,Togo,Union of Forces of Change,4,0,2,-99,-99,-99,-99,-99,-99,-99,-99,8,10,-99,2013,7,-99,0,-2,1,1574
930,Thailand,Bhumjaithai Party,6,0,-99,-99,4,9
931,Thailand,Charthaipattana Party,6,0,-99,-99,7,-99,-99,7
932,Thailand,Democrat Party,6,4,-99,7,8
933,Thailand,Future Forward,6,3,-99,6,0
934,Thailand,New Economics Party,6,1,-99,2,2,3,4,10,-99,8,6,1,1
935,Thailand,Palang Pracharat Party,6,2,-99,0,10,6
936,Thailand,Pheu Thai Party,6,1,-99,3
937,Thailand,Prachachart Party,6,2,-99,4,6
938,Thailand,Puea Chat Party,6,0,-99,-99,4
939,Thailand,Thai Liberal Party,6,2,-99,4,7,1,-99,9
940,Tajikistan,Agrarian Party of Tajikistan,1,2,-99,3
941,Tajikistan,Communist Party of Tajikistan,1,2,-99,0,6,3,7,4,1
942,Tajikistan,Party of Economic Reforms,1,2,-99,3,5,2
943,Tajikistan,People's Democratic Party,1,2,-99,3
944,Tajikistan,The Socialist Party,1,1,-99,2,4,3,7,4
945,Turkmenistan,Democratic Party,1,0,-99,-99,7,8,-99,10,4,2,-99,7,7,-99,2018,-99,-99,0,-8,0,17128
946,Turkmenistan,Party of Agrarians and Citizens' Nominees,1,0,-99,-99,7,4,-99,10,3,2,-99,7,10,-99,2018,-99,-99,0,-8,0,17128
947,Turkmenistan,Party of Industrialists and Entrepreneurs,1,0,-99,-99,7,4,-99,10,4,2,-99,7,10,-99,2018,-99,-99,0,-8,0,17128
948,Timor Leste,Change for Progress Alliance,6,4,3,6
949,Timor Leste,Democratic Development Front,6,4,2,5
950,Timor Leste,Hope of the Fatherland Party,6,4,-99,5,7
951,Timor Leste,National Development Movement,6,2,-99,4,5
952,Timor Leste,Republican Party,6,4,-99,7
953,Timor Leste,Revolutionary Front for an Independent East Timor,6,1,3,2
954,Timor Leste,Social Democratic Movement,6,1,-99,4,4
955,Timor Leste,Timorese Democratic Party,6,1,2,4
956,Trinidad and Tobago,Congress of the People,2,4,2,7,6,3
957,Trinidad and Tobago,People's National Movement,2,4,3,9,7
958,Trinidad and Tobago,United National Congress,2,4,3,7,7,5
959,Tunisia,Afek Tounes,3,3,1,9
960,Tunisia,Congress for the Republic,3,1,1,4,4
961,Tunisia,Ennahda Movement,3,4,3,8
962,Tunisia,Free Patriotic Union,3,3,2,9,2
963,Tunisia,Nidaa Tounes,3,3,3,7
964,Tunisia,Popular Front,3,1,2,1,3
965,Turkey,Justice and Development Party,3,4,3,7
966,Turkey,Nationalist Movement Party,3,4,3,7
967,Turkey,People’s Democratic Party,3,1,3,2
968,Turkey,Republican People's Party ,3,1,3,3
969,Taiwan,Chinese Nationalist Party,6,4,3,6,8,5
970,Taiwan,Democratic Progressive Party,6,1,3,4
971,Taiwan,Green-Social Democratic Coalition,6,1,1,2
972,Taiwan,New Party,6,4,2,6,8
973,Taiwan,New Power Party,6,1,2,3
974,Taiwan,Non-Partisan Solidarity Union,6,4,1,8
975,Taiwan,Other Parties,6,2,2,3,7,4
976,Taiwan,People First Party,6,4,2,5
977,Taiwan,Taiwan Solidarity Union,6,2,1,4
978,Tanzania,Alliance for Change and Transparency,4,2,1,3
979,Tanzania,Chama Cha Mapinduzi,4,4,3,6
980,Tanzania,Civic United Front,4,4,2,5
981,Tanzania,National Convention for Construction and Reform,4,2,1,3
982,Tanzania,Party for Democracy and Development ,4,2,3,4
983,Uganda,Democratic Party,4,4,-99,5
984,Uganda,Forum for Democratic Change,4,2,-99,3,6
985,Uganda,Independents,4,2,-99,3,7
986,Uganda,National Resistance Movement,4,4,-99,5,8
987,Uganda,Uganda People's Congress,4,2,-99,3,7
988,Uganda,Uganda People's Defense Force,4,2,-99,3,9,8
989,Ukraine,All-Ukrainian Union 'Fatherland',1,2,2,2
990,Ukraine,Opposition Bloc,1,2,2,3
991,Ukraine,People's Front,1,4,3,7
992,Ukraine,Petro Poroshenko Bloc,1,4,3,7
993,Ukraine,Radical Party of Oleh Lyashko,1,2,2,3
994,Ukraine,Self Reliance Party,1,4,2,7
995,Uruguay,Broad Front,2,1,3,2
996,Uruguay,Colorado Party,2,4,3,7
997,Uruguay,Independent Party,2,1,2,4
998,Uruguay,National Party,2,4,3,7
999,Uruguay,Popular Assembly,2,1,1,1
1000,United States,Democratic Party,5,1,3,3
1001,United States,Republican Party,5,4,3,8
1002,Uzbekistan,Democratic Party of Uzbekistan 'Milliy tiklanish',1,4,-99,7,9,-99,-99,-99,-99,3,-99,7,-99,-99,2015,-99,6
1003,Uzbekistan,Movement of Entrepreneurs and Businesspeople - Liberal Democratic Party,1,4,-99,7,8,-99,-99,7,-99,-99,-99,-99,3,-99,2015,-99,6
1004,Uzbekistan,People's Democratic Party of Uzbekistan,1,4,-99,8,8,-99,-99,-99,-99,-99,-99,-99,-99,-99,2015,-99,6
1005,Uzbekistan,Social Democratic Party of Uzbekistan 'Adolat',1,4,-99,8,8,-99,-99,-99,-99,-99,-99,-99,4,-99,2015,-99,6
1006,Venezuela,Democratic Unity Roundtable,2,3,3,6
1007,Venezuela,Others,2,2,1,2
1008,Venezuela,United Socialist Party of Venezuela/Great Patriotic Pole,2,2,3,1
1009,Viet Nam,Communist Party,6,2,-99,1
1010,Viet Nam,Other,6,0,-99,-99,-99,-99,-99,10,-99,-99,-99,-99,-99,-99,2016,-99,9
1011,Vanuatu,Lauko Group,6,4,2,9,9,10,-99,9
1012,Vanuatu,Land and Justice Party,6,1,2,1
1013,Vanuatu,Nagriamel,6,4,2,6
1014,Vanuatu,Natatok Indiginous People's Democratic Party,6,0,1,-99,-99,-99,-99,10,-99,-99,-99,-99,-99,-99,2016,2
1015,Vanuatu,National United Party,6,4,2,9,8,4,8,6
1016,Vanuatu,Our Land Party,6,1,3,1,2,3,7,7
1017,Vanuatu,Peoples Progressive Party,6,4,2,10,9,10,-99,9,3,2,9,-99,9,10,2016,4
1018,Vanuatu,Reunification of Movements for Change,6,0,2,-99,8
1019,Vanuatu,Union of Moderate Parties,6,0,2,-99,8,6,5
1020,Vanuatu,Vanuatu National Development Party,6,0,2,-99,-99,-99,-99,10,-99,-99,-99,-99,-99,-99,2016,4
1021,Samoa,Human Rights Protection Party,-99,2,3,4,9,10,8
1022,Samoa,Tautua Samoa Party,-99,2,2,4
1023,Yemen,al-Haqq Party,-99,0,-99,-99,10,-99,-99,10,-99,-99,9,-99,-99,9
1024,Yemen,Al-Islah,-99,4,-99,7,10,-99,-99,10,-99,-99,9,-99,-99,9
1025,Yemen,Arab Socialist Ba'ath Party,-99,2,-99,2
1026,Yemen,Democratic Nasserist Party,-99,2,-99,2
1027,Yemen,General People's Congress,-99,4,-99,7,9
1028,Yemen,Hizb ut-Tahrir,-99,0,-99,-99,10,-99,-99,10,-99,-99,7
1029,Yemen,Nasserist Reform Organization,-99,2,-99,2,10,-99,-99,10,-99,-99,7,-99,-99,9,2003,-99,-99,-99,-99,-99,2284
1030,Yemen,Nasserist Unionist People's Organization,-99,2,-99,2,10,-99,-99,10,-99,-99,7,-99,-99,9,2003,-99,-99,-99,-99,-99,2284
1031,Yemen,South Yemen Movement,-99,0,-99,4,-99,-99,-99,10,-99,-99,-99,-99,-99,9,2003,-99,-99,-99,-99,-99,2284
1032,Yemen,Yemeni Socialist Party,-99,2,-99,3,7,-99,-99,10,-99,-99,2,-99,-99,9,2003,-99,-99,-99,-99,-99,2284
1033,South Africa,African Christian Democratic Party,4,4,1,7
1034,South Africa,African Independent Congress,4,2,1,4
1035,South Africa,African National Congress,4,1,3,3
1036,South Africa,Congress of the People,4,3,1,5
1037,South Africa,Democratic Alliance,4,3,3,7
1038,South Africa,Economic Freedom Fighters,4,1,2,1
1039,South Africa,Freedom Front Plus,4,4,1,7
1040,South Africa,Inkatha Freedom Party,4,4,1,7
1041,South Africa,National Freedom Party,4,4,1,5
1042,South Africa,United Democratic Movement,4,1,1,3
1043,Zambia,Forum for Democracy and Development Party,4,4,1,6
1044,Zambia,Independents,4,0,2,-99,7,-99,-99,9,3,-99,-99,3,3
1045,Zambia,Movement for Multiparty Democracy,4,4,1,5
1046,Zambia,Patriotic Front,4,2,3,3
1047,Zambia,United Party for National Development,4,4,3,8
1048,Zimbabwe,Independents,4,2,1,4
1049,Zimbabwe,Movement for Democratic Change,4,3,3,7
1050,Zimbabwe,Movement for Democratic Change Ncube,4,3,2,7
1051,Zimbabwe,Zimbabwe African National Union – Patriotic Front ,4,2,3,4
